text,true_label,true_intent,pred_label,pred_intent,pred_confidence,top_k_intents,top_k_probs
How do I locate my card?,11,card_arrival,41,lost_or_stolen_card,0.5172186493873596,"['lost_or_stolen_card', 'card_linking', 'order_physical_card']","[0.5172186493873596, 0.14625820517539978, 0.0931166484951973]"
Is there a way to know when my card will arrive?,11,card_arrival,12,card_delivery_estimate,0.8148981332778931,"['card_delivery_estimate', 'card_arrival', 'card_about_to_expire']","[0.8148981332778931, 0.17229558527469635, 0.0010370280360803008]"
When will I get my card?,11,card_arrival,12,card_delivery_estimate,0.970879852771759,"['card_delivery_estimate', 'card_arrival', 'card_about_to_expire']","[0.970879852771759, 0.01889318972826004, 0.000953787995968014]"
How long does a card delivery take?,11,card_arrival,12,card_delivery_estimate,0.613534688949585,"['card_delivery_estimate', 'card_arrival', 'card_about_to_expire']","[0.613534688949585, 0.36862316727638245, 0.0034210735466331244]"
How do I know when my card will arrive?,11,card_arrival,12,card_delivery_estimate,0.9565671682357788,"['card_delivery_estimate', 'card_arrival', 'card_about_to_expire']","[0.9565671682357788, 0.03379446640610695, 0.0010814095148816705]"
Is there tracking info available?,11,card_arrival,74,why_verify_identity,0.4992031157016754,"['why_verify_identity', 'card_arrival', 'unable_to_verify_identity']","[0.4992031157016754, 0.32207056879997253, 0.03571496531367302]"
The app doesn't show the card I received.,13,card_linking,11,card_arrival,0.7873454689979553,"['card_arrival', 'unable_to_verify_identity', 'lost_or_stolen_card']","[0.7873454689979553, 0.044048890471458435, 0.033825721591711044]"
Is it a good time to exchange?,32,exchange_rate,33,exchange_via_app,0.3603769838809967,"['exchange_via_app', 'transfer_timing', 'exchange_rate']","[0.3603769838809967, 0.323777973651886, 0.11485899239778519]"
Why am I being charged more ?,17,card_payment_wrong_exchange_rate,34,extra_charge_on_statement,0.5445224046707153,"['extra_charge_on_statement', 'card_payment_fee_charged', 'transfer_fee_charged']","[0.5445224046707153, 0.2033618539571762, 0.15002256631851196]"
the conversion value for my card payments is incorrect.,17,card_payment_wrong_exchange_rate,53,reverted_card_payment?,0.5102418661117554,"['reverted_card_payment?', 'request_refund', 'card_payment_wrong_exchange_rate']","[0.5102418661117554, 0.16330765187740326, 0.05130256339907646]"
How can I check the exchange rate applied to my transaction?,17,card_payment_wrong_exchange_rate,32,exchange_rate,0.9679400324821472,"['exchange_rate', 'card_payment_wrong_exchange_rate', 'wrong_exchange_rate_for_cash_withdrawal']","[0.9679400324821472, 0.014881197363138199, 0.0037807058542966843]"
Where did this fee come from?,34,extra_charge_on_statement,15,card_payment_fee_charged,0.9652113914489746,"['card_payment_fee_charged', 'extra_charge_on_statement', 'transfer_fee_charged']","[0.9652113914489746, 0.009931398555636406, 0.009324144572019577]"
"I am a new customer, and I happened to look at my app and there is a charge I am not familiar with.  Could you tell me why the extra charge is there?",34,extra_charge_on_statement,28,direct_debit_payment_not_recognised,0.56490558385849,"['direct_debit_payment_not_recognised', 'extra_charge_on_statement', 'request_refund']","[0.56490558385849, 0.2278691679239273, 0.056448794901371]"
Where's accounting for my cash withdrawal?,46,pending_cash_withdrawal,20,cash_withdrawal_not_recognised,0.7039265036582947,"['cash_withdrawal_not_recognised', 'pending_cash_withdrawal', 'cash_withdrawal_charge']","[0.7039265036582947, 0.2186512053012848, 0.02236936241388321]"
My account was charged for a withdraw I tried to make that was decline.,46,pending_cash_withdrawal,26,declined_cash_withdrawal,0.703674852848053,"['declined_cash_withdrawal', 'cash_withdrawal_charge', 'atm_support']","[0.703674852848053, 0.24128834903240204, 0.010640662163496017]"
"There is an incoming payment into my account, but it is deactivated. Will they still be processed?",36,fiat_currency_support,45,pending_card_payment,0.6441217660903931,"['pending_card_payment', 'reverted_card_payment?', 'request_refund']","[0.6441217660903931, 0.29588261246681213, 0.014429841190576553]"
Do you offer additional currency options?,36,fiat_currency_support,31,exchange_charge,0.4928852915763855,"['exchange_charge', 'fiat_currency_support', 'supported_cards_and_currencies']","[0.4928852915763855, 0.1931399703025818, 0.18117043375968933]"
How do I change currencies to euros?,36,fiat_currency_support,33,exchange_via_app,0.9409782886505127,"['exchange_via_app', 'fiat_currency_support', 'exchange_charge']","[0.9409782886505127, 0.03956976905465126, 0.003373656887561083]"
Am I able to exchange currencies?,36,fiat_currency_support,33,exchange_via_app,0.9728204011917114,"['exchange_via_app', 'receiving_money', 'exchange_charge']","[0.9728204011917114, 0.00659153051674366, 0.005647169426083565]"
Can I exchange currencies?,36,fiat_currency_support,33,exchange_via_app,0.9350031614303589,"['exchange_via_app', 'fiat_currency_support', 'exchange_charge']","[0.9350031614303589, 0.047536060214042664, 0.005791360046714544]"
What countries can I travel to and have access to their currencies?,36,fiat_currency_support,24,country_support,0.8949102759361267,"['country_support', 'fiat_currency_support', 'supported_cards_and_currencies']","[0.8949102759361267, 0.05783102661371231, 0.011391649022698402]"
my card was not in the mail again can you advise?,12,card_delivery_estimate,11,card_arrival,0.9601348638534546,"['card_arrival', 'card_delivery_estimate', 'lost_or_stolen_card']","[0.9601348638534546, 0.009393918327987194, 0.005907929502427578]"
Can I get my card expedited?,12,card_delivery_estimate,11,card_arrival,0.8646711707115173,"['card_arrival', 'card_delivery_estimate', 'card_about_to_expire']","[0.8646711707115173, 0.11107423156499863, 0.006935335695743561]"
I am waiting for my card to arrive.,12,card_delivery_estimate,11,card_arrival,0.9264478087425232,"['card_arrival', 'card_delivery_estimate', 'transfer_not_received_by_recipient']","[0.9264478087425232, 0.05660375952720642, 0.003861430799588561]"
where is theft-top option?,4,automatic_top_up,71,verify_top_up,0.4101938307285309,"['verify_top_up', 'top_up_by_cash_or_cheque', 'automatic_top_up']","[0.4101938307285309, 0.14567840099334717, 0.10396271198987961]"
How do I make sure I don't run out of money on my card while traveling?,4,automatic_top_up,14,card_not_working,0.19849532842636108,"['card_not_working', 'automatic_top_up', 'top_up_failed']","[0.19849532842636108, 0.07674738764762878, 0.0638173371553421]"
Can I space out how often money is transferred along my travels?,4,automatic_top_up,67,transfer_timing,0.16183842718601227,"['transfer_timing', 'receiving_money', 'verify_source_of_funds']","[0.16183842718601227, 0.14219363033771515, 0.12935197353363037]"
"Is there a top-up feature, if there isn't a lot of money left?",4,automatic_top_up,60,top_up_limits,0.5940834283828735,"['top_up_limits', 'automatic_top_up', 'top_up_failed']","[0.5940834283828735, 0.10621396452188492, 0.06572060286998749]"
How do I unblock my card using the app?,14,card_not_working,49,pin_blocked,0.9849551320075989,"['pin_blocked', 'change_pin', 'get_physical_card']","[0.9849551320075989, 0.0013220533728599548, 0.0011088603641837835]"
How would I use my money in a different country?,33,exchange_via_app,50,receiving_money,0.41561874747276306,"['receiving_money', 'exchange_rate', 'country_support']","[0.41561874747276306, 0.19285108149051666, 0.09241631627082825]"
Can I change my currency from USD to EUR?,33,exchange_via_app,36,fiat_currency_support,0.9406750202178955,"['fiat_currency_support', 'exchange_via_app', 'supported_cards_and_currencies']","[0.9406750202178955, 0.04251236841082573, 0.004847262054681778]"
Is a copy of the police report necessary for completing the report process?,41,lost_or_stolen_card,74,why_verify_identity,0.34783414006233215,"['why_verify_identity', 'card_arrival', 'card_delivery_estimate']","[0.34783414006233215, 0.34308913350105286, 0.0518796481192112]"
"Someone stole my wallet earlier today, not sure exactly when, probably on Piccadilly circus. Can you check if there were any attempts to use the card and obviously block it?",41,lost_or_stolen_card,18,card_swallowed,0.5281327962875366,"['card_swallowed', 'cash_withdrawal_not_recognised', 'lost_or_stolen_card']","[0.5281327962875366, 0.1251886636018753, 0.12299641966819763]"
Where can I view my PIN?,49,pin_blocked,38,get_physical_card,0.9754040241241455,"['get_physical_card', 'change_pin', 'pin_blocked']","[0.9754040241241455, 0.010842328891158104, 0.005786913447082043]"
Will you reinstate my PIN?,49,pin_blocked,21,change_pin,0.8621346354484558,"['change_pin', 'pin_blocked', 'get_physical_card']","[0.8621346354484558, 0.07686373591423035, 0.04686037451028824]"
"How do I reset my PIN, I can't seem to use my card?",49,pin_blocked,21,change_pin,0.6090076565742493,"['change_pin', 'pin_blocked', 'get_physical_card']","[0.6090076565742493, 0.3621031641960144, 0.01189514808356762]"
Can I reactivate my PIN?,49,pin_blocked,21,change_pin,0.7478192448616028,"['change_pin', 'pin_blocked', 'get_physical_card']","[0.7478192448616028, 0.13034452497959137, 0.09255355596542358]"
How do I reset my PIN?,49,pin_blocked,21,change_pin,0.8169892430305481,"['change_pin', 'pin_blocked', 'get_physical_card']","[0.8169892430305481, 0.15820427238941193, 0.012835124507546425]"
"My card's frozen, what can I do?",49,pin_blocked,14,card_not_working,0.9439683556556702,"['card_not_working', 'lost_or_stolen_card', 'declined_card_payment']","[0.9439683556556702, 0.01852969266474247, 0.007521566469222307]"
My contanctless has stopped working,23,contactless_not_working,14,card_not_working,0.3838295340538025,"['card_not_working', 'contactless_not_working', 'virtual_card_not_working']","[0.3838295340538025, 0.2821173667907715, 0.0740029588341713]"
what is required documents for new card process ?,23,contactless_not_working,9,card_about_to_expire,0.21762941777706146,"['card_about_to_expire', 'order_physical_card', 'activate_my_card']","[0.21762941777706146, 0.20120202004909515, 0.18431366980075836]"
The NFC payment wouldn't work on the bus today. Help?,23,contactless_not_working,25,declined_card_payment,0.29908397793769836,"['declined_card_payment', 'declined_transfer', 'failed_transfer']","[0.29908397793769836, 0.2426658570766449, 0.052135270088911057]"
what is the charges for new card?,23,contactless_not_working,43,order_physical_card,0.5140386819839478,"['order_physical_card', 'card_payment_fee_charged', 'top_up_by_card_charge']","[0.5140386819839478, 0.3716845214366913, 0.037255216389894485]"
Should i reinstall the payment app?,23,contactless_not_working,28,direct_debit_payment_not_recognised,0.638762354850769,"['direct_debit_payment_not_recognised', 'request_refund', 'reverted_card_payment?']","[0.638762354850769, 0.1247362568974495, 0.05857498571276665]"
If I make a top-up are there charges applied?,56,top_up_by_bank_transfer_charge,57,top_up_by_card_charge,0.5530754923820496,"['top_up_by_card_charge', 'top_up_by_bank_transfer_charge', 'top_up_by_cash_or_cheque']","[0.5530754923820496, 0.3649938106536865, 0.028138695284724236]"
I would like to refill my account using SWIFT.,56,top_up_by_bank_transfer_charge,57,top_up_by_card_charge,0.22486039996147156,"['top_up_by_card_charge', 'top_up_by_cash_or_cheque', 'automatic_top_up']","[0.22486039996147156, 0.12046181410551071, 0.09186539798974991]"
Will a transfer incur a fee?,56,top_up_by_bank_transfer_charge,64,transfer_fee_charged,0.8676091432571411,"['transfer_fee_charged', 'top_up_by_bank_transfer_charge', 'beneficiary_not_allowed']","[0.8676091432571411, 0.11900700628757477, 0.001677604508586228]"
What are the fees for top-ups?,56,top_up_by_bank_transfer_charge,57,top_up_by_card_charge,0.9648802280426025,"['top_up_by_card_charge', 'top_up_by_bank_transfer_charge', 'top_up_by_cash_or_cheque']","[0.9648802280426025, 0.013289561495184898, 0.0062756771221756935]"
Can you tell me what the transfer policy is?,56,top_up_by_bank_transfer_charge,50,receiving_money,0.30315566062927246,"['receiving_money', 'transfer_into_account', 'transfer_timing']","[0.30315566062927246, 0.2923690974712372, 0.10424848645925522]"
What us the fee to transfer money from my bank?,56,top_up_by_bank_transfer_charge,64,transfer_fee_charged,0.4786010980606079,"['transfer_fee_charged', 'top_up_by_bank_transfer_charge', 'transfer_into_account']","[0.4786010980606079, 0.46934187412261963, 0.016894115135073662]"
"new customer and filling gas today, it's not working, the thing shows pending half an hour!",47,pending_top_up,46,pending_cash_withdrawal,0.23108042776584625,"['pending_cash_withdrawal', 'pending_card_payment', 'card_delivery_estimate']","[0.23108042776584625, 0.1607927680015564, 0.0793270468711853]"
I  do not see a top-up processed.,47,pending_top_up,59,top_up_failed,0.38492634892463684,"['top_up_failed', 'pending_top_up', 'topping_up_by_card']","[0.38492634892463684, 0.11265566200017929, 0.10321979969739914]"
"OMG!  I'm trying to load my card and it wont top up!  I desperately need the money either on my card or in my bank, where is it?",47,pending_top_up,59,top_up_failed,0.9301695227622986,"['top_up_failed', 'topping_up_by_card', 'pending_top_up']","[0.9301695227622986, 0.031883083283901215, 0.017846835777163506]"
Where is the money I topped off with?,47,pending_top_up,62,topping_up_by_card,0.7036111354827881,"['topping_up_by_card', 'top_up_by_card_charge', 'top_up_by_cash_or_cheque']","[0.7036111354827881, 0.12608127295970917, 0.0479511134326458]"
I want to go back on what I did this morning,8,cancel_transfer,30,edit_personal_details,0.22712934017181396,"['edit_personal_details', 'cancel_transfer', 'terminate_account']","[0.22712934017181396, 0.18915043771266937, 0.12685848772525787]"
Can I change the amount I made on a payment that I made to the payment is correct.,8,cancel_transfer,52,request_refund,0.6180592775344849,"['request_refund', 'edit_personal_details', 'cancel_transfer']","[0.6180592775344849, 0.15749819576740265, 0.07211484014987946]"
Am I free to top-up as much as I want?,60,top_up_limits,57,top_up_by_card_charge,0.9052780866622925,"['top_up_by_card_charge', 'top_up_by_bank_transfer_charge', 'top_up_limits']","[0.9052780866622925, 0.03701534867286682, 0.01084944698959589]"
Is there any limit to the amount I can add to a card at a time?,60,top_up_limits,39,getting_spare_card,0.37355658411979675,"['getting_spare_card', 'disposable_card_limits', 'top_up_limits']","[0.37355658411979675, 0.21531496942043304, 0.1835428923368454]"
Where is the money I pushed it's on my mobile app as being withdrawn.,75,wrong_amount_of_cash_received,20,cash_withdrawal_not_recognised,0.7883138656616211,"['cash_withdrawal_not_recognised', 'pending_cash_withdrawal', 'card_swallowed']","[0.7883138656616211, 0.1700160950422287, 0.004586364608258009]"
My cash withdrawal was partly declined,75,wrong_amount_of_cash_received,26,declined_cash_withdrawal,0.9860692024230957,"['declined_cash_withdrawal', 'wrong_amount_of_cash_received', 'pending_cash_withdrawal']","[0.9860692024230957, 0.002993813017383218, 0.0017890534363687038]"
Will declined funds I tried to withdraw be returned to me?,75,wrong_amount_of_cash_received,26,declined_cash_withdrawal,0.9873759746551514,"['declined_cash_withdrawal', 'cash_withdrawal_charge', 'wrong_amount_of_cash_received']","[0.9873759746551514, 0.001993452198803425, 0.00154590024612844]"
"I show another charge on my card from when I used it, why?",15,card_payment_fee_charged,16,card_payment_not_recognised,0.6663768887519836,"['card_payment_not_recognised', 'direct_debit_payment_not_recognised', 'card_payment_fee_charged']","[0.6663768887519836, 0.12324798852205276, 0.10038057714700699]"
im not sure what this charge is for,15,card_payment_fee_charged,28,direct_debit_payment_not_recognised,0.5500951409339905,"['direct_debit_payment_not_recognised', 'extra_charge_on_statement', 'card_payment_not_recognised']","[0.5500951409339905, 0.20118793845176697, 0.1728203296661377]"
What fees apply when using a card?,15,card_payment_fee_charged,43,order_physical_card,0.5700842142105103,"['order_physical_card', 'card_payment_fee_charged', 'card_acceptance']","[0.5700842142105103, 0.2839961051940918, 0.06862141937017441]"
how long do money transfers take?,66,transfer_not_received_by_recipient,5,balance_not_updated_after_bank_transfer,0.9101383686065674,"['balance_not_updated_after_bank_transfer', 'transfer_timing', 'pending_transfer']","[0.9101383686065674, 0.04744849354028702, 0.02638900652527809]"
Where is the transfer I started?,66,transfer_not_received_by_recipient,5,balance_not_updated_after_bank_transfer,0.7184946537017822,"['balance_not_updated_after_bank_transfer', 'transfer_timing', 'transfer_not_received_by_recipient']","[0.7184946537017822, 0.16152524948120117, 0.03963097184896469]"
transaction failed?,66,transfer_not_received_by_recipient,35,failed_transfer,0.8689521551132202,"['failed_transfer', 'cancel_transfer', 'transfer_not_received_by_recipient']","[0.8689521551132202, 0.03143196552991867, 0.015473929233849049]"
The receipient doesn't see my money transfer.,66,transfer_not_received_by_recipient,48,pending_transfer,0.5548831224441528,"['pending_transfer', 'transfer_not_received_by_recipient', 'balance_not_updated_after_bank_transfer']","[0.5548831224441528, 0.3411984443664551, 0.05080457031726837]"
When will my funds transfer?,66,transfer_not_received_by_recipient,5,balance_not_updated_after_bank_transfer,0.4757108986377716,"['balance_not_updated_after_bank_transfer', 'pending_transfer', 'transfer_timing']","[0.4757108986377716, 0.3454247713088989, 0.14584070444107056]"
Which forms of currency are accepted?,54,supported_cards_and_currencies,36,fiat_currency_support,0.8494648337364197,"['fiat_currency_support', 'supported_cards_and_currencies', 'exchange_via_app']","[0.8494648337364197, 0.10678073763847351, 0.010950650088489056]"
Do you accept other currencies besides US Dollars?,54,supported_cards_and_currencies,36,fiat_currency_support,0.7362999320030212,"['fiat_currency_support', 'supported_cards_and_currencies', 'exchange_via_app']","[0.7362999320030212, 0.11562880128622055, 0.08758269995450974]"
Can I get a copy of the card by email?,40,getting_virtual_card,11,card_arrival,0.5848300457000732,"['card_arrival', 'order_physical_card', 'card_linking']","[0.5848300457000732, 0.09973663091659546, 0.09674269706010818]"
It will be fine to use at any establishment that accepts Mastercard.,10,card_acceptance,54,supported_cards_and_currencies,0.4494539797306061,"['supported_cards_and_currencies', 'card_acceptance', 'visa_or_mastercard']","[0.4494539797306061, 0.39659029245376587, 0.04307078197598457]"
What stores can I sue my card?,10,card_acceptance,28,direct_debit_payment_not_recognised,0.6163840889930725,"['direct_debit_payment_not_recognised', 'compromised_card', 'card_not_working']","[0.6163840889930725, 0.04044128954410553, 0.039900872856378555]"
"I am traveling to Germany, Will I be able to use my card there?",10,card_acceptance,24,country_support,0.9255185127258301,"['country_support', 'card_about_to_expire', 'visa_or_mastercard']","[0.9255185127258301, 0.029881209135055542, 0.005909350235015154]"
Where should my card work?,10,card_acceptance,14,card_not_working,0.9633432626724243,"['card_not_working', 'lost_or_stolen_card', 'card_acceptance']","[0.9633432626724243, 0.0069254320114851, 0.004554055631160736]"
areas card is accpeted,10,card_acceptance,43,order_physical_card,0.3859211802482605,"['order_physical_card', 'card_acceptance', 'getting_spare_card']","[0.3859211802482605, 0.22318902611732483, 0.09784378856420517]"
"Hi, i don't know what's going on i've just paid for my top up twice by accident can you help me get a refund please.",61,top_up_reverted,63,transaction_charged_twice,0.9735370874404907,"['transaction_charged_twice', 'top_up_limits', 'top_up_reverted']","[0.9735370874404907, 0.0028484624344855547, 0.0024496002588421106]"
The app wouldn't accept my top up.,61,top_up_reverted,59,top_up_failed,0.9718876481056213,"['top_up_failed', 'topping_up_by_card', 'top_up_reverted']","[0.9718876481056213, 0.009096664376556873, 0.0032359089236706495]"
"I believe my money did not go through with my top up, was there a problem on your end?",61,top_up_reverted,59,top_up_failed,0.8373709321022034,"['top_up_failed', 'pending_top_up', 'top_up_reverted']","[0.8373709321022034, 0.08672758936882019, 0.0637061595916748]"
I put money into my account for the minimum balance but the application didn't accept.,61,top_up_reverted,47,pending_top_up,0.3735668361186981,"['pending_top_up', 'pending_cash_withdrawal', 'transfer_timing']","[0.3735668361186981, 0.10826489329338074, 0.07676481455564499]"
I tryed to make a top-up with cryptocurrency but the payment was referted.,61,top_up_reverted,59,top_up_failed,0.45462846755981445,"['top_up_failed', 'top_up_reverted', 'topping_up_by_card']","[0.45462846755981445, 0.4064878523349762, 0.031227925792336464]"
On my last transaction it seem that my top-up was not successful.,61,top_up_reverted,59,top_up_failed,0.9542301893234253,"['top_up_failed', 'top_up_reverted', 'pending_top_up']","[0.9542301893234253, 0.030030114576220512, 0.00814078003168106]"
I have paid money into my account but it doesn't show.,6,balance_not_updated_after_cheque_or_cash_deposit,16,card_payment_not_recognised,0.6495336294174194,"['card_payment_not_recognised', 'direct_debit_payment_not_recognised', 'balance_not_updated_after_cheque_or_cash_deposit']","[0.6495336294174194, 0.06951659917831421, 0.04804988577961922]"
Why does my account not accept cash deposits?,6,balance_not_updated_after_cheque_or_cash_deposit,26,declined_cash_withdrawal,0.6883581876754761,"['declined_cash_withdrawal', 'cash_withdrawal_not_recognised', 'wrong_exchange_rate_for_cash_withdrawal']","[0.6883581876754761, 0.07736685872077942, 0.056723058223724365]"
What happened to the cash that I tried to deposit into my account? It's gone!,6,balance_not_updated_after_cheque_or_cash_deposit,20,cash_withdrawal_not_recognised,0.5834528207778931,"['cash_withdrawal_not_recognised', 'balance_not_updated_after_cheque_or_cash_deposit', 'top_up_by_cash_or_cheque']","[0.5834528207778931, 0.2955402433872223, 0.02841777354478836]"
There are some payments with my card that I don't know where they are coming from. Just checked today and it's been since a couple days as well! What to I do? Can I revert this retrospectively? My card needs to be frozen immediately as well!,16,card_payment_not_recognised,53,reverted_card_payment?,0.7933863997459412,"['reverted_card_payment?', 'pending_card_payment', 'card_payment_not_recognised']","[0.7933863997459412, 0.06270948797464371, 0.05870436504483223]"
Can you freeze my account?  I just saw there are transactions on my account that I don't recognize.  How can I fix this?,16,card_payment_not_recognised,22,compromised_card,0.8901238441467285,"['compromised_card', 'cash_withdrawal_not_recognised', 'card_payment_not_recognised']","[0.8901238441467285, 0.049230385571718216, 0.02438618242740631]"
What should I do to get transactions off of my account if I didn't make them?  My card must have been compromised and I need to freeze it asap!,16,card_payment_not_recognised,22,compromised_card,0.716641902923584,"['compromised_card', 'cash_withdrawal_not_recognised', 'lost_or_stolen_card']","[0.716641902923584, 0.09980032593011856, 0.08707894384860992]"
I have an unauthorized transaction on my statement,16,card_payment_not_recognised,28,direct_debit_payment_not_recognised,0.4051362872123718,"['direct_debit_payment_not_recognised', 'cancel_transfer', 'transfer_not_received_by_recipient']","[0.4051362872123718, 0.18275563418865204, 0.13109411299228668]"
I'd rather not verify my identity.,74,why_verify_identity,68,unable_to_verify_identity,0.6530873775482178,"['unable_to_verify_identity', 'why_verify_identity', 'verify_my_identity']","[0.6530873775482178, 0.3194814622402191, 0.01103485282510519]"
What is the need to verify my identity?,74,why_verify_identity,69,verify_my_identity,0.809937596321106,"['verify_my_identity', 'why_verify_identity', 'unable_to_verify_identity']","[0.809937596321106, 0.17308592796325684, 0.002935184631496668]"
Do I have to do the identity check?,74,why_verify_identity,69,verify_my_identity,0.8760448694229126,"['verify_my_identity', 'why_verify_identity', 'unable_to_verify_identity']","[0.8760448694229126, 0.10852859169244766, 0.0031696984078735113]"
Do I have to do an identity check?,74,why_verify_identity,69,verify_my_identity,0.8835919499397278,"['verify_my_identity', 'why_verify_identity', 'unable_to_verify_identity']","[0.8835919499397278, 0.10114546120166779, 0.00301396194845438]"
Do I really need to verify my identity?,74,why_verify_identity,69,verify_my_identity,0.8620107769966125,"['verify_my_identity', 'why_verify_identity', 'verify_top_up']","[0.8620107769966125, 0.11892032623291016, 0.003463365836068988]"
I won't verify my identity.,74,why_verify_identity,68,unable_to_verify_identity,0.9657600522041321,"['unable_to_verify_identity', 'why_verify_identity', 'lost_or_stolen_phone']","[0.9657600522041321, 0.009939797222614288, 0.0028199334628880024]"
What other methods are there to verify my identity?,74,why_verify_identity,69,verify_my_identity,0.964921772480011,"['verify_my_identity', 'why_verify_identity', 'verify_top_up']","[0.964921772480011, 0.00808852631598711, 0.002546753268688917]"
Do I need to verify my identity?,74,why_verify_identity,69,verify_my_identity,0.9378814697265625,"['verify_my_identity', 'why_verify_identity', 'unable_to_verify_identity']","[0.9378814697265625, 0.04720430076122284, 0.0019001219188794494]"
Do I have to verify my identity?,74,why_verify_identity,69,verify_my_identity,0.9379662275314331,"['verify_my_identity', 'why_verify_identity', 'verify_top_up']","[0.9379662275314331, 0.0462651252746582, 0.001970346551388502]"
The app will not let me into my account.,68,unable_to_verify_identity,55,terminate_account,0.40043455362319946,"['terminate_account', 'lost_or_stolen_phone', 'unable_to_verify_identity']","[0.40043455362319946, 0.21620208024978638, 0.0853729173541069]"
What do i need to verify my id?,68,unable_to_verify_identity,69,verify_my_identity,0.9245090484619141,"['verify_my_identity', 'unable_to_verify_identity', 'why_verify_identity']","[0.9245090484619141, 0.03700204938650131, 0.0208380538970232]"
How do I show this stupid system that this is really my identity?,68,unable_to_verify_identity,74,why_verify_identity,0.49751904606819153,"['why_verify_identity', 'unable_to_verify_identity', 'verify_my_identity']","[0.49751904606819153, 0.36583298444747925, 0.09186340868473053]"
where in the app can i find out about my new pin,38,get_physical_card,21,change_pin,0.714285135269165,"['change_pin', 'get_physical_card', 'pin_blocked']","[0.714285135269165, 0.23210284113883972, 0.0376296192407608]"
Am I allowed to use any card to make a payment?,73,visa_or_mastercard,10,card_acceptance,0.8044043779373169,"['card_acceptance', 'order_physical_card', 'supported_cards_and_currencies']","[0.8044043779373169, 0.07702000439167023, 0.028417954221367836]"
What are the available cards?,73,visa_or_mastercard,43,order_physical_card,0.9163501262664795,"['order_physical_card', 'getting_spare_card', 'card_acceptance']","[0.9163501262664795, 0.036617327481508255, 0.008086556568741798]"
What major card payments are accepted?,73,visa_or_mastercard,10,card_acceptance,0.3536832332611084,"['card_acceptance', 'card_payment_fee_charged', 'supported_cards_and_currencies']","[0.3536832332611084, 0.11406960338354111, 0.10983605682849884]"
WHERE IS MY MONEY I WAS USING MY CARD AND IT DISAPPEARED,62,topping_up_by_card,20,cash_withdrawal_not_recognised,0.5715500116348267,"['cash_withdrawal_not_recognised', 'compromised_card', 'lost_or_stolen_card']","[0.5715500116348267, 0.26512059569358826, 0.03624226897954941]"
Where's the money that got charged to my card? It's not showing up in my account balance,62,topping_up_by_card,15,card_payment_fee_charged,0.4671057462692261,"['card_payment_fee_charged', 'transfer_fee_charged', 'extra_charge_on_statement']","[0.4671057462692261, 0.11391370743513107, 0.09192270040512085]"
how can i top up?,62,topping_up_by_card,60,top_up_limits,0.8856123685836792,"['top_up_limits', 'topping_up_by_card', 'top_up_by_cash_or_cheque']","[0.8856123685836792, 0.03625358268618584, 0.02626110427081585]"
"I am missing some funds from my account - I tried to transfer them using my credit card number, and it disappeared.",62,topping_up_by_card,22,compromised_card,0.4612756669521332,"['compromised_card', 'lost_or_stolen_card', 'top_up_reverted']","[0.4612756669521332, 0.12498124688863754, 0.08986536413431168]"
"I did a top-up, but I'm not seeing it in my wallet yet.",62,topping_up_by_card,47,pending_top_up,0.8475980758666992,"['pending_top_up', 'topping_up_by_card', 'top_up_failed']","[0.8475980758666992, 0.11858570575714111, 0.005364609882235527]"
"i know i entered the right info, but my top up isn't in my balance",62,topping_up_by_card,47,pending_top_up,0.7935745120048523,"['pending_top_up', 'topping_up_by_card', 'top_up_failed']","[0.7935745120048523, 0.1597152054309845, 0.0175170861184597]"
Cannot access my top up.,62,topping_up_by_card,59,top_up_failed,0.7444747090339661,"['top_up_failed', 'topping_up_by_card', 'top_up_limits']","[0.7444747090339661, 0.16966666281223297, 0.042000576853752136]"
Why is my money gone right when I attempted to top up,62,topping_up_by_card,59,top_up_failed,0.43756529688835144,"['top_up_failed', 'topping_up_by_card', 'top_up_reverted']","[0.43756529688835144, 0.2931503355503082, 0.1444242000579834]"
Why can't I see the top-up amount I just added to my account?,62,topping_up_by_card,47,pending_top_up,0.4556773602962494,"['pending_top_up', 'top_up_limits', 'top_up_failed']","[0.4556773602962494, 0.23594969511032104, 0.12569859623908997]"
Do these virtual cards have any caps on using them?,29,disposable_card_limits,40,getting_virtual_card,0.5194716453552246,"['getting_virtual_card', 'get_disposable_virtual_card', 'disposable_card_limits']","[0.5194716453552246, 0.18518833816051483, 0.0737956166267395]"
What is the maximum number of transactions I can make with one card?,29,disposable_card_limits,39,getting_spare_card,0.7519777417182922,"['getting_spare_card', 'disposable_card_limits', 'order_physical_card']","[0.7519777417182922, 0.1547582894563675, 0.03321273997426033]"
How can I create many temporary cards daily?,29,disposable_card_limits,39,getting_spare_card,0.8971134424209595,"['getting_spare_card', 'disposable_card_limits', 'order_physical_card']","[0.8971134424209595, 0.057781483978033066, 0.006697294767946005]"
How many virtual cards do I get?,29,disposable_card_limits,40,getting_virtual_card,0.943292498588562,"['getting_virtual_card', 'disposable_card_limits', 'get_disposable_virtual_card']","[0.943292498588562, 0.01760687492787838, 0.016651108860969543]"
What can I use a virtual disposable card for?,29,disposable_card_limits,37,get_disposable_virtual_card,0.9765218496322632,"['get_disposable_virtual_card', 'virtual_card_not_working', 'disposable_card_limits']","[0.9765218496322632, 0.004236529115587473, 0.004151197150349617]"
Can I freeze my card right now?,22,compromised_card,41,lost_or_stolen_card,0.6843331456184387,"['lost_or_stolen_card', 'compromised_card', 'card_not_working']","[0.6843331456184387, 0.14717978239059448, 0.07982528209686279]"
"Someone has my card number, freeze my account.",22,compromised_card,41,lost_or_stolen_card,0.778581440448761,"['lost_or_stolen_card', 'compromised_card', 'unable_to_verify_identity']","[0.778581440448761, 0.10285339504480362, 0.02337857522070408]"
"I see random purchases to my account, was it hacked?",22,compromised_card,16,card_payment_not_recognised,0.5598392486572266,"['card_payment_not_recognised', 'compromised_card', 'cash_withdrawal_not_recognised']","[0.5598392486572266, 0.3356955349445343, 0.0162708330899477]"
How do I freeze my card using the app?,22,compromised_card,41,lost_or_stolen_card,0.5936440825462341,"['lost_or_stolen_card', 'compromised_card', 'card_linking']","[0.5936440825462341, 0.2232827991247177, 0.056107047945261]"
Is there places where I can't withdraw money?,3,atm_support,26,declined_cash_withdrawal,0.7105881571769714,"['declined_cash_withdrawal', 'atm_support', 'cash_withdrawal_charge']","[0.7105881571769714, 0.22848616540431976, 0.0186093058437109]"
someone stole my money,28,direct_debit_payment_not_recognised,20,cash_withdrawal_not_recognised,0.4796178340911865,"['cash_withdrawal_not_recognised', 'wrong_amount_of_cash_received', 'verify_source_of_funds']","[0.4796178340911865, 0.1383843868970871, 0.09257625043392181]"
"There was a transaction from two weeks ago from a business that I don't know. I'm fairly certain it wasn't me who made it, but is it an option to trace it to confirm?",28,direct_debit_payment_not_recognised,66,transfer_not_received_by_recipient,0.6851745843887329,"['transfer_not_received_by_recipient', 'direct_debit_payment_not_recognised', 'cancel_transfer']","[0.6851745843887329, 0.14138290286064148, 0.03434990718960762]"
"I am seeing a weird payment showing up that I know I did not make, how can I get it cancelled?",28,direct_debit_payment_not_recognised,53,reverted_card_payment?,0.49156051874160767,"['reverted_card_payment?', 'direct_debit_payment_not_recognised', 'card_payment_not_recognised']","[0.49156051874160767, 0.3182637095451355, 0.11190397292375565]"
Someone has taken my money and I don't know who,28,direct_debit_payment_not_recognised,20,cash_withdrawal_not_recognised,0.8891160488128662,"['cash_withdrawal_not_recognised', 'verify_source_of_funds', 'compromised_card']","[0.8891160488128662, 0.017610367387533188, 0.014596736058592796]"
I was charged on my account that shouldn't be there.,28,direct_debit_payment_not_recognised,15,card_payment_fee_charged,0.9228236079216003,"['card_payment_fee_charged', 'extra_charge_on_statement', 'transfer_fee_charged']","[0.9228236079216003, 0.025066042318940163, 0.016475114971399307]"
Why was my account deducted from a seller when I didn't approve of it?,28,direct_debit_payment_not_recognised,53,reverted_card_payment?,0.7210500240325928,"['reverted_card_payment?', 'direct_debit_payment_not_recognised', 'request_refund']","[0.7210500240325928, 0.19667504727840424, 0.02484278567135334]"
Why didn't the ATM give me my money?,26,declined_cash_withdrawal,75,wrong_amount_of_cash_received,0.5413874387741089,"['wrong_amount_of_cash_received', 'declined_cash_withdrawal', 'cash_withdrawal_not_recognised']","[0.5413874387741089, 0.41548484563827515, 0.007179851643741131]"
"My card payment is still on hold, why is it so?",45,pending_card_payment,53,reverted_card_payment?,0.8447614312171936,"['reverted_card_payment?', 'pending_card_payment', 'declined_card_payment']","[0.8447614312171936, 0.0987420380115509, 0.023296600207686424]"
How long do card transactions take to clear?,45,pending_card_payment,14,card_not_working,0.33686527609825134,"['card_not_working', 'card_arrival', 'card_about_to_expire']","[0.33686527609825134, 0.12536460161209106, 0.07150329649448395]"
"I was double charged, and the second charge is showing as ""pending"". How long will it be before I get my money back once the second charge has been refunded?",45,pending_card_payment,63,transaction_charged_twice,0.9667986035346985,"['transaction_charged_twice', 'extra_charge_on_statement', 'pending_transfer']","[0.9667986035346985, 0.003579038195312023, 0.0022409572266042233]"
What does a pending transaction mean?,45,pending_card_payment,48,pending_transfer,0.6829065084457397,"['pending_transfer', 'pending_card_payment', 'pending_cash_withdrawal']","[0.6829065084457397, 0.28474676609039307, 0.005338889546692371]"
Someone stole my cards!,42,lost_or_stolen_phone,41,lost_or_stolen_card,0.8202734589576721,"['lost_or_stolen_card', 'compromised_card', 'card_swallowed']","[0.8202734589576721, 0.12998360395431519, 0.005583553574979305]"
I want a refund because my package has been taking too long to arrive. How do I go about doing that?,52,request_refund,51,Refund_not_showing_up,0.5738319158554077,"['Refund_not_showing_up', 'request_refund', 'reverted_card_payment?']","[0.5738319158554077, 0.4145936965942383, 0.0022042414639145136]"
I want this amount reversed out of my account.,52,request_refund,63,transaction_charged_twice,0.29893872141838074,"['transaction_charged_twice', 'cancel_transfer', 'edit_personal_details']","[0.29893872141838074, 0.12653478980064392, 0.08964504301548004]"
Good morning. I tried to make a purchase with my credit card last night and again this morning. Both times it was declined. Can you investigate?,27,declined_transfer,25,declined_card_payment,0.7806954979896545,"['declined_card_payment', 'reverted_card_payment?', 'top_up_failed']","[0.7806954979896545, 0.07083285599946976, 0.05433138459920883]"
I am getting continuous failure for all my transfers. I have cross checked each recipient detail again and again and everything is correct.,27,declined_transfer,35,failed_transfer,0.5081944465637207,"['failed_transfer', 'beneficiary_not_allowed', 'declined_transfer']","[0.5081944465637207, 0.3385387063026428, 0.0903639867901802]"
"How can I fix my card, it got declined twice.",27,declined_transfer,63,transaction_charged_twice,0.380449116230011,"['transaction_charged_twice', 'declined_card_payment', 'top_up_failed']","[0.380449116230011, 0.3125080466270447, 0.07853937149047852]"
How do I contact customer support about a transfer?,27,declined_transfer,50,receiving_money,0.6914731860160828,"['receiving_money', 'transfer_into_account', 'top_up_by_bank_transfer_charge']","[0.6914731860160828, 0.16164402663707733, 0.05198187381029129]"
Why was I unable to do a transfer?,27,declined_transfer,35,failed_transfer,0.9343965649604797,"['failed_transfer', 'beneficiary_not_allowed', 'declined_transfer']","[0.9343965649604797, 0.04371653497219086, 0.010950702242553234]"
Trouble transferring transaction contact for help,27,declined_transfer,7,beneficiary_not_allowed,0.22801142930984497,"['beneficiary_not_allowed', 'transfer_not_received_by_recipient', 'cancel_transfer']","[0.22801142930984497, 0.2104942351579666, 0.1459527462720871]"
When I try and to buy something using my card it keeps getting declined.,27,declined_transfer,25,declined_card_payment,0.5963500142097473,"['declined_card_payment', 'declined_transfer', 'reverted_card_payment?']","[0.5963500142097473, 0.3409442603588104, 0.009336492978036404]"
Double check your funds may be declined,27,declined_transfer,59,top_up_failed,0.4908581078052521,"['top_up_failed', 'declined_transfer', 'declined_card_payment']","[0.4908581078052521, 0.13710899651050568, 0.07773672044277191]"
I can't transfer money from my account.,27,declined_transfer,35,failed_transfer,0.8029795289039612,"['failed_transfer', 'beneficiary_not_allowed', 'transfer_into_account']","[0.8029795289039612, 0.1023353636264801, 0.027971450239419937]"
My card is being declined online. Could you tell me what might be broken or wrong with the account?,27,declined_transfer,25,declined_card_payment,0.9575818777084351,"['declined_card_payment', 'card_not_working', 'declined_transfer']","[0.9575818777084351, 0.008981997147202492, 0.0073359026573598385]"
"I was attempting to purchase a golf club off eBay yesterday, but my credit card was declined. I tried multiple times, and again this morning. Can you check into my card please?",27,declined_transfer,25,declined_card_payment,0.4865321218967438,"['declined_card_payment', 'top_up_failed', 'declined_transfer']","[0.4865321218967438, 0.19585014879703522, 0.14134840667247772]"
I was supposed to get a purchase refunded but I don't see the money in my account,51,Refund_not_showing_up,52,request_refund,0.7370045185089111,"['request_refund', 'Refund_not_showing_up', 'reverted_card_payment?']","[0.7370045185089111, 0.16849716007709503, 0.0772683247923851]"
It's been a week and I have done everything that I was asked to do and still nothing. I have contacted the seller and have not gotten a response. Please understand my frustration and put the money back in my account.,51,Refund_not_showing_up,28,direct_debit_payment_not_recognised,0.5087583065032959,"['direct_debit_payment_not_recognised', 'reverted_card_payment?', 'request_refund']","[0.5087583065032959, 0.3043229281902313, 0.06290554255247116]"
"I am waiting patiently for a week now for the seller to get back to me and there has been no response, could you please help me further with getting my money back.  Thank you.",51,Refund_not_showing_up,53,reverted_card_payment?,0.6322237849235535,"['reverted_card_payment?', 'request_refund', 'pending_card_payment']","[0.6322237849235535, 0.10302048176527023, 0.09747857600450516]"
Why is my debit card being declined when I have money?,25,declined_card_payment,53,reverted_card_payment?,0.43615520000457764,"['reverted_card_payment?', 'declined_card_payment', 'direct_debit_payment_not_recognised']","[0.43615520000457764, 0.3220839500427246, 0.06734858453273773]"
My card payment did not complete.,25,declined_card_payment,53,reverted_card_payment?,0.5454636216163635,"['reverted_card_payment?', 'declined_card_payment', 'pending_card_payment']","[0.5454636216163635, 0.3851407468318939, 0.03272438794374466]"
How do you fix  my card payment?,25,declined_card_payment,53,reverted_card_payment?,0.9190608263015747,"['reverted_card_payment?', 'declined_card_payment', 'pending_card_payment']","[0.9190608263015747, 0.05664203688502312, 0.005524518433958292]"
Why is my transfer not done yet?,48,pending_transfer,66,transfer_not_received_by_recipient,0.6230145692825317,"['transfer_not_received_by_recipient', 'balance_not_updated_after_bank_transfer', 'pending_transfer']","[0.6230145692825317, 0.2571070194244385, 0.06693296879529953]"
"I transferred money yesterday, but it still isn't available?",48,pending_transfer,66,transfer_not_received_by_recipient,0.8654505610466003,"['transfer_not_received_by_recipient', 'balance_not_updated_after_bank_transfer', 'balance_not_updated_after_cheque_or_cash_deposit']","[0.8654505610466003, 0.11691001057624817, 0.0024166095536202192]"
How long do transfer pend for?,48,pending_transfer,67,transfer_timing,0.504741907119751,"['transfer_timing', 'balance_not_updated_after_bank_transfer', 'pending_transfer']","[0.504741907119751, 0.3143632411956787, 0.016052275896072388]"
Why hasn't my transfer gone through yet?,48,pending_transfer,66,transfer_not_received_by_recipient,0.5916419625282288,"['transfer_not_received_by_recipient', 'balance_not_updated_after_bank_transfer', 'pending_transfer']","[0.5916419625282288, 0.20160111784934998, 0.09766532480716705]"
When will my transfer go through?,48,pending_transfer,35,failed_transfer,0.38190758228302,"['failed_transfer', 'balance_not_updated_after_bank_transfer', 'pending_transfer']","[0.38190758228302, 0.31953364610671997, 0.17060644924640656]"
"I would like to know why my payment is still pending, can you help?",48,pending_transfer,45,pending_card_payment,0.9629261493682861,"['pending_card_payment', 'pending_transfer', 'pending_top_up']","[0.9629261493682861, 0.023528801277279854, 0.0019981807563453913]"
Someone transferred money to me and it doesn't show,48,pending_transfer,66,transfer_not_received_by_recipient,0.6286953687667847,"['transfer_not_received_by_recipient', 'balance_not_updated_after_bank_transfer', 'transfer_fee_charged']","[0.6286953687667847, 0.3446666896343231, 0.005116811953485012]"
How long does a transfer take to be confirmed?,48,pending_transfer,5,balance_not_updated_after_bank_transfer,0.642651379108429,"['balance_not_updated_after_bank_transfer', 'pending_transfer', 'transfer_timing']","[0.642651379108429, 0.2504350244998932, 0.04155074432492256]"
How long can I expect a transfer to pend for?,48,pending_transfer,67,transfer_timing,0.8033443689346313,"['transfer_timing', 'pending_transfer', 'balance_not_updated_after_bank_transfer']","[0.8033443689346313, 0.10330666601657867, 0.010557879693806171]"
Why is a money transfer not showing?,48,pending_transfer,5,balance_not_updated_after_bank_transfer,0.8370348811149597,"['balance_not_updated_after_bank_transfer', 'pending_transfer', 'transfer_not_received_by_recipient']","[0.8370348811149597, 0.10129383206367493, 0.039517372846603394]"
I was retrieving money and my card wouldn't remove.,18,card_swallowed,14,card_not_working,0.4680556654930115,"['card_not_working', 'compromised_card', 'declined_card_payment']","[0.4680556654930115, 0.12322608381509781, 0.08744274079799652]"
How can I get my card back out?,18,card_swallowed,12,card_delivery_estimate,0.7827048301696777,"['card_delivery_estimate', 'card_arrival', 'order_physical_card']","[0.7827048301696777, 0.10260268300771713, 0.02617010287940502]"
I was taking out funds and was unable to regain my card.,18,card_swallowed,26,declined_cash_withdrawal,0.7459052205085754,"['declined_cash_withdrawal', 'card_not_working', 'top_up_failed']","[0.7459052205085754, 0.05154918506741524, 0.03262541815638542]"
WTF??? I tried to withdraw some money at a Metro bank on High St. Kensington and without any notice it disappeared in the machine. The bank was already closed so I couldn't do anything. How do I get it back?,18,card_swallowed,20,cash_withdrawal_not_recognised,0.6997039914131165,"['cash_withdrawal_not_recognised', 'declined_cash_withdrawal', 'card_swallowed']","[0.6997039914131165, 0.12606245279312134, 0.05087145045399666]"
How long until my transfer goes through?,67,transfer_timing,48,pending_transfer,0.49841704964637756,"['pending_transfer', 'transfer_timing', 'balance_not_updated_after_bank_transfer']","[0.49841704964637756, 0.2390623390674591, 0.1271895170211792]"
how long dies it take for transfers to reflect on my balance,67,transfer_timing,5,balance_not_updated_after_bank_transfer,0.9583249092102051,"['balance_not_updated_after_bank_transfer', 'transfer_timing', 'pending_transfer']","[0.9583249092102051, 0.02171839401125908, 0.009135416708886623]"
How long does it take for a transfer?,67,transfer_timing,5,balance_not_updated_after_bank_transfer,0.5685180425643921,"['balance_not_updated_after_bank_transfer', 'transfer_timing', 'transfer_not_received_by_recipient']","[0.5685180425643921, 0.2954708933830261, 0.10285474359989166]"
"How long does a transfer take from the point it's sent, to the point it arrives in my account?",67,transfer_timing,66,transfer_not_received_by_recipient,0.6848281621932983,"['transfer_not_received_by_recipient', 'transfer_timing', 'balance_not_updated_after_bank_transfer']","[0.6848281621932983, 0.21876080334186554, 0.04025140777230263]"
My card is being declined for a purchase. I bought items before and the card worked. Do you know what the problem is?,53,reverted_card_payment?,25,declined_card_payment,0.9815027117729187,"['declined_card_payment', 'reverted_card_payment?', 'card_not_working']","[0.9815027117729187, 0.005743086338043213, 0.002801621798425913]"
"There must be an issue, why has my card been cancelled?",53,reverted_card_payment?,14,card_not_working,0.463134765625,"['card_not_working', 'reverted_card_payment?', 'declined_card_payment']","[0.463134765625, 0.1376260370016098, 0.13453131914138794]"
"Hi, I would like to file a claim for an inquiry. I am a frequent customer of the company in question and have never had any issue with my purchases, payments, or otherwise. However, the price deducted for an item I purchased a couple of weeks ago has been returned to my checking account. Was there an issue with my payment? The item has already been delivered to me.",53,reverted_card_payment?,28,direct_debit_payment_not_recognised,0.3296424448490143,"['direct_debit_payment_not_recognised', 'request_refund', 'reverted_card_payment?']","[0.3296424448490143, 0.30817562341690063, 0.28722909092903137]"
What happens if a merchant doesn't accept a payment?,53,reverted_card_payment?,28,direct_debit_payment_not_recognised,0.3063206970691681,"['direct_debit_payment_not_recognised', 'reverted_card_payment?', 'declined_card_payment']","[0.3063206970691681, 0.2799341082572937, 0.11442606896162033]"
I had a transfer blocked,7,beneficiary_not_allowed,35,failed_transfer,0.719970166683197,"['failed_transfer', 'declined_transfer', 'beneficiary_not_allowed']","[0.719970166683197, 0.18642298877239227, 0.04778510332107544]"
The account transfer I was trying to do failed.,7,beneficiary_not_allowed,35,failed_transfer,0.7643808722496033,"['failed_transfer', 'beneficiary_not_allowed', 'declined_transfer']","[0.7643808722496033, 0.18442502617835999, 0.00823199562728405]"
Can you help with a transfer to an account,7,beneficiary_not_allowed,65,transfer_into_account,0.7900682687759399,"['transfer_into_account', 'receiving_money', 'beneficiary_not_allowed']","[0.7900682687759399, 0.10550353676080704, 0.04670341685414314]"
"Why did I get charged for something I bought online? Even though it was international, I thought it would be covered.",64,transfer_fee_charged,34,extra_charge_on_statement,0.5160677433013916,"['extra_charge_on_statement', 'transfer_fee_charged', 'card_payment_fee_charged']","[0.5160677433013916, 0.1814689189195633, 0.14176306128501892]"
What extra charges are there?,64,transfer_fee_charged,34,extra_charge_on_statement,0.7180887460708618,"['extra_charge_on_statement', 'transfer_fee_charged', 'card_payment_fee_charged']","[0.7180887460708618, 0.1076713502407074, 0.06397920846939087]"
I was charged for something I didn't expect,64,transfer_fee_charged,15,card_payment_fee_charged,0.5485059022903442,"['card_payment_fee_charged', 'extra_charge_on_statement', 'card_payment_not_recognised']","[0.5485059022903442, 0.20221683382987976, 0.06280290335416794]"
Is it possible for me to get money out in a different currency?,50,receiving_money,76,wrong_exchange_rate_for_cash_withdrawal,0.4927639067173004,"['wrong_exchange_rate_for_cash_withdrawal', 'receiving_money', 'atm_support']","[0.4927639067173004, 0.1454959511756897, 0.14345796406269073]"
Is GBP a supported currency?,50,receiving_money,33,exchange_via_app,0.6973291635513306,"['exchange_via_app', 'fiat_currency_support', 'receiving_money']","[0.6973291635513306, 0.1723742038011551, 0.06324136257171631]"
What are the ways for others to transfer me money?,50,receiving_money,65,transfer_into_account,0.720334529876709,"['transfer_into_account', 'receiving_money', 'top_up_by_bank_transfer_charge']","[0.720334529876709, 0.2220599353313446, 0.023670822381973267]"
Can you help me figure out what's happening? I'm trying to transfer money to a friend but it keeps getting returned. I'm not sure what i'm doing wrong.,35,failed_transfer,66,transfer_not_received_by_recipient,0.6896123886108398,"['transfer_not_received_by_recipient', 'failed_transfer', 'reverted_card_payment?']","[0.6896123886108398, 0.11781524121761322, 0.03718952462077141]"
Why hasn't my transfer been made?,35,failed_transfer,66,transfer_not_received_by_recipient,0.6758196949958801,"['transfer_not_received_by_recipient', 'balance_not_updated_after_bank_transfer', 'failed_transfer']","[0.6758196949958801, 0.2709336280822754, 0.02010667510330677]"
What are your policies for card transfers?,35,failed_transfer,56,top_up_by_bank_transfer_charge,0.26695576310157776,"['top_up_by_bank_transfer_charge', 'topping_up_by_card', 'receiving_money']","[0.26695576310157776, 0.13868553936481476, 0.06316839903593063]"
What is stopping my money from transferring?,35,failed_transfer,7,beneficiary_not_allowed,0.42749232053756714,"['beneficiary_not_allowed', 'failed_transfer', 'transfer_fee_charged']","[0.42749232053756714, 0.3640696108341217, 0.06008642539381981]"
"I'm out of money, can I add money with my bank?",65,transfer_into_account,58,top_up_by_cash_or_cheque,0.6219850778579712,"['top_up_by_cash_or_cheque', 'topping_up_by_card', 'supported_cards_and_currencies']","[0.6219850778579712, 0.10495177656412125, 0.09991037100553513]"
"I don't understand how to top up my account, can you please explain the process?",65,transfer_into_account,62,topping_up_by_card,0.7232809066772461,"['topping_up_by_card', 'top_up_by_cash_or_cheque', 'transfer_into_account']","[0.7232809066772461, 0.14438144862651825, 0.033779602497816086]"
Can I add funds to the card directly from my bank account?,65,transfer_into_account,62,topping_up_by_card,0.38482603430747986,"['topping_up_by_card', 'top_up_by_cash_or_cheque', 'transfer_into_account']","[0.38482603430747986, 0.1745602935552597, 0.16513437032699585]"
How do I top up my card?,65,transfer_into_account,62,topping_up_by_card,0.908420741558075,"['topping_up_by_card', 'supported_cards_and_currencies', 'top_up_by_cash_or_cheque']","[0.908420741558075, 0.04401537775993347, 0.01873103342950344]"
What methods can I use to add money to my account?,65,transfer_into_account,54,supported_cards_and_currencies,0.34943899512290955,"['supported_cards_and_currencies', 'top_up_by_cash_or_cheque', 'transfer_into_account']","[0.34943899512290955, 0.2872624695301056, 0.20291218161582947]"
How do I do an international transfer?,65,transfer_into_account,32,exchange_rate,0.6778163909912109,"['exchange_rate', 'receiving_money', 'exchange_charge']","[0.6778163909912109, 0.0939808040857315, 0.05176885053515434]"
Can I purchase extra non-virtual cards?,39,getting_spare_card,29,disposable_card_limits,0.7533247470855713,"['disposable_card_limits', 'getting_virtual_card', 'get_disposable_virtual_card']","[0.7533247470855713, 0.10605791211128235, 0.04995673894882202]"
How can I top-up my card?,58,top_up_by_cash_or_cheque,62,topping_up_by_card,0.6537980437278748,"['topping_up_by_card', 'top_up_limits', 'top_up_by_cash_or_cheque']","[0.6537980437278748, 0.22415630519390106, 0.03561195358633995]"
How much does it cost in fees to use your card?,43,order_physical_card,15,card_payment_fee_charged,0.5061501264572144,"['card_payment_fee_charged', 'order_physical_card', 'top_up_by_card_charge']","[0.5061501264572144, 0.3517741560935974, 0.04871402680873871]"
can I have a non virtual card?,43,order_physical_card,40,getting_virtual_card,0.712493896484375,"['getting_virtual_card', 'get_disposable_virtual_card', 'disposable_card_limits']","[0.712493896484375, 0.13478732109069824, 0.10091643780469894]"
Where will I find my card?,43,order_physical_card,11,card_arrival,0.46657875180244446,"['card_arrival', 'lost_or_stolen_card', 'card_delivery_estimate']","[0.46657875180244446, 0.41404110193252563, 0.028907978907227516]"
My non-physical card will not work,72,virtual_card_not_working,14,card_not_working,0.9787952303886414,"['card_not_working', 'declined_card_payment', 'virtual_card_not_working']","[0.9787952303886414, 0.004924611654132605, 0.002700504846870899]"
Are there restrictions for my disposable card since it does not seem to be working?,72,virtual_card_not_working,29,disposable_card_limits,0.8608487844467163,"['disposable_card_limits', 'virtual_card_not_working', 'card_not_working']","[0.8608487844467163, 0.06041572615504265, 0.022073905915021896]"
Can I make multiple online transactions with my virtual card?,72,virtual_card_not_working,40,getting_virtual_card,0.43553826212882996,"['getting_virtual_card', 'disposable_card_limits', 'virtual_card_not_working']","[0.43553826212882996, 0.2435057908296585, 0.19979174435138702]"
My card is just not working at this time.,72,virtual_card_not_working,14,card_not_working,0.9794894456863403,"['card_not_working', 'declined_card_payment', 'declined_cash_withdrawal']","[0.9794894456863403, 0.00793510489165783, 0.0014317084569483995]"
Can you look to make sure the exchange rate is correct,76,wrong_exchange_rate_for_cash_withdrawal,32,exchange_rate,0.6032639145851135,"['exchange_rate', 'card_payment_wrong_exchange_rate', 'wrong_exchange_rate_for_cash_withdrawal']","[0.6032639145851135, 0.3394332230091095, 0.030543869361281395]"
Is there a fee for exchanging cash?,76,wrong_exchange_rate_for_cash_withdrawal,31,exchange_charge,0.9686208367347717,"['exchange_charge', 'transfer_fee_charged', 'wrong_exchange_rate_for_cash_withdrawal']","[0.9686208367347717, 0.004249155521392822, 0.003613024251535535]"
Will there be additional costs of I make a withdrawal from a local ATM of British pounds? I need some cash to feel comfortable on the journey home,76,wrong_exchange_rate_for_cash_withdrawal,19,cash_withdrawal_charge,0.49314072728157043,"['cash_withdrawal_charge', 'wrong_exchange_rate_for_cash_withdrawal', 'wrong_amount_of_cash_received']","[0.49314072728157043, 0.4325256049633026, 0.01893364079296589]"
I would like a temporary virtual card,37,get_disposable_virtual_card,40,getting_virtual_card,0.9336228966712952,"['getting_virtual_card', 'get_disposable_virtual_card', 'virtual_card_not_working']","[0.9336228966712952, 0.021985339000821114, 0.012435573153197765]"
how do i get a virtual card for one time use,37,get_disposable_virtual_card,40,getting_virtual_card,0.8903260827064514,"['getting_virtual_card', 'get_disposable_virtual_card', 'virtual_card_not_working']","[0.8903260827064514, 0.08256937563419342, 0.007210736162960529]"
how does a virtual card work,37,get_disposable_virtual_card,40,getting_virtual_card,0.39191895723342896,"['getting_virtual_card', 'get_disposable_virtual_card', 'virtual_card_not_working']","[0.39191895723342896, 0.2775576114654541, 0.26837244629859924]"
Can i get a throw away card,37,get_disposable_virtual_card,54,supported_cards_and_currencies,0.5584167838096619,"['supported_cards_and_currencies', 'top_up_by_card_charge', 'order_physical_card']","[0.5584167838096619, 0.13375985622406006, 0.09499572217464447]"
how many transactions can i make with a disposable card,37,get_disposable_virtual_card,29,disposable_card_limits,0.9848580360412598,"['disposable_card_limits', 'get_disposable_virtual_card', 'getting_spare_card']","[0.9848580360412598, 0.00286837643943727, 0.002147076651453972]"
My funding to my card didn't go through.,59,top_up_failed,25,declined_card_payment,0.866948664188385,"['declined_card_payment', 'top_up_failed', 'declined_transfer']","[0.866948664188385, 0.03532234579324722, 0.021385524421930313]"
"I really need money from my card today, but my card is getting declined. Please help!!",59,top_up_failed,25,declined_card_payment,0.7691221833229065,"['declined_card_payment', 'top_up_failed', 'declined_cash_withdrawal']","[0.7691221833229065, 0.08180177211761475, 0.04790492728352547]"
How long does it take for an international transfer into my account?,5,balance_not_updated_after_bank_transfer,67,transfer_timing,0.917855978012085,"['transfer_timing', 'balance_not_updated_after_bank_transfer', 'exchange_rate']","[0.917855978012085, 0.06303427368402481, 0.004007523413747549]"
When will my transfer be available in my account.,5,balance_not_updated_after_bank_transfer,67,transfer_timing,0.91119384765625,"['transfer_timing', 'balance_not_updated_after_bank_transfer', 'pending_transfer']","[0.91119384765625, 0.06774584203958511, 0.008405208587646484]"
I didn't get the money I transferred,5,balance_not_updated_after_bank_transfer,66,transfer_not_received_by_recipient,0.7605833411216736,"['transfer_not_received_by_recipient', 'balance_not_updated_after_bank_transfer', 'transfer_fee_charged']","[0.7605833411216736, 0.19331800937652588, 0.01427647564560175]"
I made an out of country transfer and it hasn't went through yet.,5,balance_not_updated_after_bank_transfer,66,transfer_not_received_by_recipient,0.6844661235809326,"['transfer_not_received_by_recipient', 'balance_not_updated_after_bank_transfer', 'pending_transfer']","[0.6844661235809326, 0.2640804350376129, 0.034288570284843445]"
I transferred some money but it is yet to arrive.,5,balance_not_updated_after_bank_transfer,66,transfer_not_received_by_recipient,0.9020128846168518,"['transfer_not_received_by_recipient', 'balance_not_updated_after_bank_transfer', 'pending_transfer']","[0.9020128846168518, 0.08546265959739685, 0.002048070076853037]"
How long until my transfer will be available to me,5,balance_not_updated_after_bank_transfer,48,pending_transfer,0.6386985778808594,"['pending_transfer', 'transfer_timing', 'balance_not_updated_after_bank_transfer']","[0.6386985778808594, 0.3280731737613678, 0.010219843126833439]"
My transfer is pending.,5,balance_not_updated_after_bank_transfer,48,pending_transfer,0.9835882186889648,"['pending_transfer', 'balance_not_updated_after_bank_transfer', 'transfer_timing']","[0.9835882186889648, 0.006151651963591576, 0.0021410570479929447]"
How do I cancel my card? There are charges on my account that I didn't make.,20,cash_withdrawal_not_recognised,16,card_payment_not_recognised,0.6275042295455933,"['card_payment_not_recognised', 'cash_withdrawal_not_recognised', 'compromised_card']","[0.6275042295455933, 0.15258407592773438, 0.1501608043909073]"
whats your exchange rate,31,exchange_charge,32,exchange_rate,0.9607921242713928,"['exchange_rate', 'card_payment_wrong_exchange_rate', 'exchange_charge']","[0.9607921242713928, 0.023161698132753372, 0.003131373319774866]"
Where do I find the exchange rate?,31,exchange_charge,32,exchange_rate,0.9876644015312195,"['exchange_rate', 'exchange_charge', 'card_payment_wrong_exchange_rate']","[0.9876644015312195, 0.0015954375267028809, 0.0010415317956358194]"
how much you charge for exhcange,31,exchange_charge,56,top_up_by_bank_transfer_charge,0.6831003427505493,"['top_up_by_bank_transfer_charge', 'top_up_by_card_charge', 'transfer_fee_charged']","[0.6831003427505493, 0.12076112627983093, 0.059215471148490906]"
I want to use a European bank card for a top up. Must I pay?,57,top_up_by_card_charge,54,supported_cards_and_currencies,0.5054802894592285,"['supported_cards_and_currencies', 'top_up_by_card_charge', 'topping_up_by_card']","[0.5054802894592285, 0.45369094610214233, 0.011238995008170605]"
Is it okay to use a bank card to top up,57,top_up_by_card_charge,62,topping_up_by_card,0.5628562569618225,"['topping_up_by_card', 'supported_cards_and_currencies', 'top_up_by_card_charge']","[0.5628562569618225, 0.19739630818367004, 0.15828223526477814]"
Can I top up using an international card,57,top_up_by_card_charge,54,supported_cards_and_currencies,0.5177451968193054,"['supported_cards_and_currencies', 'top_up_by_card_charge', 'topping_up_by_card']","[0.5177451968193054, 0.24375207722187042, 0.15812504291534424]"
WHAT CAN I DO AFTER THE CARD MISSING,0,activate_my_card,41,lost_or_stolen_card,0.9367208480834961,"['lost_or_stolen_card', 'card_arrival', 'card_linking']","[0.9367208480834961, 0.025543812662363052, 0.006887026131153107]"
"When I got cash, I'm pretty sure there was a glitch that overcharged me.",19,cash_withdrawal_charge,76,wrong_exchange_rate_for_cash_withdrawal,0.6226553320884705,"['wrong_exchange_rate_for_cash_withdrawal', 'cash_withdrawal_not_recognised', 'wrong_amount_of_cash_received']","[0.6226553320884705, 0.12148842215538025, 0.11042489856481552]"
how long and how much does it cost for new card,9,card_about_to_expire,43,order_physical_card,0.70243901014328,"['order_physical_card', 'card_about_to_expire', 'getting_spare_card']","[0.70243901014328, 0.10100054740905762, 0.0679791048169136]"
going to need a new card what are the fees and time it takes,9,card_about_to_expire,43,order_physical_card,0.7335637807846069,"['order_physical_card', 'card_about_to_expire', 'getting_spare_card']","[0.7335637807846069, 0.09238865971565247, 0.08489560335874557]"
How can I verify my indentity?,69,verify_my_identity,74,why_verify_identity,0.8513434529304504,"['why_verify_identity', 'verify_my_identity', 'verify_top_up']","[0.8513434529304504, 0.09880930930376053, 0.008978448808193207]"
What is needed to prove my identity?,69,verify_my_identity,68,unable_to_verify_identity,0.7374323010444641,"['unable_to_verify_identity', 'verify_my_identity', 'why_verify_identity']","[0.7374323010444641, 0.16513778269290924, 0.07607918977737427]"
I need to verify my identity,69,verify_my_identity,74,why_verify_identity,0.8466911911964417,"['why_verify_identity', 'verify_my_identity', 'unable_to_verify_identity']","[0.8466911911964417, 0.1342635601758957, 0.007622826378792524]"
I need some help with identity verification.,69,verify_my_identity,68,unable_to_verify_identity,0.41106176376342773,"['unable_to_verify_identity', 'verify_my_identity', 'why_verify_identity']","[0.41106176376342773, 0.3550540804862976, 0.21460185945034027]"
do the details of my profile have to match my documents,69,verify_my_identity,30,edit_personal_details,0.3995061218738556,"['edit_personal_details', 'why_verify_identity', 'verify_my_identity']","[0.3995061218738556, 0.29490000009536743, 0.16216331720352173]"
What do I need to show who I am?,69,verify_my_identity,74,why_verify_identity,0.46548131108283997,"['why_verify_identity', 'verify_my_identity', 'unable_to_verify_identity']","[0.46548131108283997, 0.42149895429611206, 0.08450672030448914]"
Is there any way to verify who I am?,69,verify_my_identity,68,unable_to_verify_identity,0.5563822984695435,"['unable_to_verify_identity', 'verify_my_identity', 'why_verify_identity']","[0.5563822984695435, 0.23829615116119385, 0.18637502193450928]"
What all am I required to show for the identity check?,69,verify_my_identity,74,why_verify_identity,0.5037409663200378,"['why_verify_identity', 'verify_my_identity', 'unable_to_verify_identity']","[0.5037409663200378, 0.4698342978954315, 0.011468568816781044]"
